Original Theme,Original Frequency,Redesigned Theme,Redesigned Frequency
Customization Issues,7,Clear/Streamlined Interface,7
Information Overload,6,Better Customization Options,6
Poor Layout/Too Much Scrolling,4,Font Issues,4
Cluttered/Overwhelming Interface,4,Confusing Checkout Process,4
Too Many Screens/Pop-ups,3,Unclear UI Elements,4
Small UI Elements,2,Simplicity/Ease of Use,4
Inconsistent UI Sizing,2,Address/Location Issues,3
App Performance Issues,2,Unclear Button Purpose,2
Search/Navigation Difficulties,1,Progress Bar Appreciation,2
Unnecessary Steps,1,Compact/Space Utilization,1
